{
  "model": "logistic_regression",
  "accuracy": 0.9739910313901345,
  "roc_auc": 0.9813247738546834,
  "training_time": 12.520915508270264,
  "total_time": 13.754013299942017,
  "dataset_size": 5572,
  "test_size": 1115
}