{
  "model": "random_forest",
  "accuracy": 0.9766816143497757,
  "roc_auc": 0.9814637264301695,
  "training_time": 3.9775471687316895,
  "total_time": 6.86869478225708,
  "dataset_size": 5572,
  "test_size": 1115
}