{
  "model": "random_forest",
  "accuracy": 0.9766816143497757,
  "roc_auc": 0.9814637264301695,
  "training_time": 1.525691032409668,
  "total_time": 3.030097484588623,
  "dataset_size": 5572,
  "test_size": 1115
}