{
  "model": "logistic_regression",
  "accuracy": 0.9739910313901345,
  "roc_auc": 0.9813247738546834,
  "training_time": 10.886988162994385,
  "total_time": 12.01917839050293,
  "dataset_size": 5572,
  "test_size": 1115
}