{
  "model": "logistic_regression",
  "accuracy": 0.9739910313901345,
  "training_time": 4.2374656200408936,
  "total_time": 4.866709470748901,
  "dataset_size": 5572,
  "test_size": 1115
}